frame,left_back,right_back,left_front,right_front
Sample11_0232.png,1,0,1,1
Sample13_0100.png,0,1,0,1
Sample15_0066.png,1,1,0,1
Sample4_0305.png,0,1,1,1
Sample20_0130.png,0,1,1,0
Sample2_0337.png,1,1,0,1
Sample4_0301.png,0,1,1,1
Sample7_0278.png,1,0,0,1
Sample7_0227.png,1,1,1,0
Sample9_0162.png,1,1,1,0
Sample1_0014.png,1,1,1,0
Sample9_0150.png,1,1,1,1
Sample3_0243.png,1,1,1,0
Sample6_0209.png,1,1,1,0
Sample6_0198.png,1,1,1,1
Sample2_0369.png,1,1,0,1
Sample5_0358.png,1,0,0,1
Sample1_0153.png,1,0,1,0
Sample6_0285.png,1,0,0,1
Sample9_0243.png,0,1,1,0
Sample6_0398.png,1,0,0,1
Sample6_0238.png,1,0,1,0
Sample12_0204.png,1,0,0,1
Sample10_0202.png,1,1,1,1
Sample19_0135.png,1,0,0,1
Sample8_0172.png,1,1,0,1
Sample17_0130.png,1,1,1,1
Sample19_0224.png,1,0,1,0
Sample4_0330.png,1,0,1,1
Sample8_0256.png,1,0,1,1
Sample11_0268.png,0,1,1,0
Sample19_0185.png,0,1,0,1
Sample19_0156.png,1,1,1,0
Sample12_0278.png,1,1,0,1
Sample5_0318.png,1,1,1,0
Sample4_0347.png,1,1,1,0
Sample14_0012.png,0,1,1,0
Sample9_0272.png,1,0,1,0
Sample15_0103.png,1,1,0,1
Sample18_0109.png,1,0,0,1
Sample6_0203.png,0,1,0,1
Sample19_0208.png,1,0,1,0
Sample2_0325.png,0,1,1,1
Sample13_0205.png,0,1,0,1
Sample1_0027.png,1,0,1,0
Sample14_0160.png,1,0,1,0
Sample11_0250.png,1,0,1,0
Sample20_0084.png,1,1,0,1
Sample13_0040.png,1,0,0,1
Sample6_0190.png,0,1,1,0
Sample6_0233.png,1,1,1,1
Sample9_0236.png,1,1,1,0
Sample9_0183.png,1,1,1,1
Sample6_0299.png,1,0,1,0
Sample6_0384.png,0,1,0,1
Sample9_0202.png,1,1,1,0
Sample19_0121.png,1,1,0,1
Sample7_0256.png,1,1,0,1
Sample10_0199.png,1,0,0,1
Sample7_0300.png,1,0,1,1
Sample9_0152.png,1,0,1,0
Sample6_0345.png,1,1,0,1
Sample3_0210.png,1,1,0,1
Sample4_0266.png,1,0,0,1
Sample20_0044.png,0,1,0,1
Sample1_0122.png,1,0,0,1
Sample3_0343.png,1,1,0,1
Sample5_0266.png,1,1,1,1
Sample17_0175.png,0,0,1,0
Sample8_0135.png,1,1,1,0
Sample13_0080.png,1,1,1,1
Sample7_0323.png,1,1,1,0
Sample18_0092.png,1,1,1,0
Sample2_0321.png,0,1,1,1
Sample16_0327.png,1,0,1,1
Sample13_0097.png,1,1,1,1
Sample9_0175.png,0,1,1,0
Sample4_0327.png,1,0,1,0
Sample7_0301.png,1,0,1,1
Sample13_0043.png,1,0,1,1
Sample1_0063.png,1,1,1,0
Sample15_0107.png,1,0,1,1
Sample15_0082.png,1,1,1,0
Sample13_0163.png,0,1,1,0
Sample4_0360.png,0,1,1,0
Sample17_0220.png,0,1,1,0
Sample8_0262.png,1,0,0,1
Sample8_0266.png,1,0,0,1
Sample2_0294.png,0,1,1,0
Sample14_0042.png,0,1,1,0
Sample18_0107.png,1,1,0,1
Sample4_0270.png,1,0,1,0
Sample15_0104.png,1,0,0,1
Sample17_0277.png,1,0,1,0
Sample15_0115.png,1,0,1,0
Sample15_0012.png,1,1,1,0
Sample1_0091.png,1,0,1,0
Sample5_0330.png,0,1,1,1
Sample9_0120.png,0,1,1,0
Sample20_0096.png,1,0,1,0
Sample12_0273.png,0,1,0,1
Sample16_0278.png,1,0,0,1
Sample6_0392.png,0,1,0,1
Sample11_0297.png,1,0,0,1
Sample20_0088.png,1,0,0,1
Sample13_0071.png,1,1,1,0
Sample16_0267.png,1,1,0,1
Sample13_0015.png,1,1,1,0
Sample2_0350.png,1,0,0,1
Sample8_0343.png,1,0,0,1
Sample18_0105.png,1,1,1,0
Sample20_0180.png,0,1,0,1
Sample6_0349.png,1,0,0,1
Sample8_0214.png,0,1,1,0
Sample1_0026.png,1,0,1,0
Sample2_0312.png,1,0,1,0
Sample6_0367.png,1,1,1,0
Sample5_0232.png,1,0,1,1
Sample7_0273.png,1,1,1,1
Sample6_0172.png,1,0,0,1
Sample9_0216.png,1,1,0,1
Sample10_0258.png,1,1,1,1
Sample13_0128.png,0,1,1,0
Sample18_0060.png,1,1,1,1
Sample5_0238.png,1,0,1,1
Sample7_0276.png,0,1,1,1
Sample8_0226.png,1,1,1,1
Sample19_0122.png,1,1,0,1
Sample4_0253.png,1,1,0,1
Sample9_0264.png,1,1,0,1
Sample8_0196.png,1,1,1,0
Sample1_0056.png,1,0,0,1
Sample9_0204.png,1,1,0,1
Sample2_0381.png,1,1,1,0
Sample17_0138.png,1,1,1,0
Sample9_0339.png,1,0,0,1
Sample11_0305.png,1,0,0,1
Sample9_0260.png,0,1,0,1
Sample8_0326.png,1,0,0,1
Sample8_0098.png,1,1,1,0
Sample10_0190.png,1,1,0,1
Sample18_0101.png,1,1,0,1
Sample12_0141.png,1,1,0,1
Sample16_0247.png,0,1,1,1
Sample8_0197.png,1,1,0,1
Sample20_0145.png,0,1,1,1
Sample4_0229.png,1,1,1,0
Sample3_0261.png,1,1,1,1
Sample20_0169.png,1,1,1,0
Sample3_0235.png,1,1,1,0
Sample6_0380.png,0,1,1,1
Sample12_0228.png,1,0,1,1
Sample7_0308.png,1,1,1,1
Sample15_0057.png,1,1,1,1
Sample8_0181.png,1,0,1,1
Sample3_0198.png,1,1,1,0
Sample13_0058.png,0,1,1,0
Sample14_0014.png,0,1,1,1
Sample8_0335.png,1,0,1,1
Sample13_0042.png,1,0,1,1
Sample13_0187.png,1,0,1,0
Sample19_0229.png,1,1,1,0
BrownHorseinShadow_0300.png,0,1,1,1
GreyHorseNoShadowBadLight_0165.png,0,1,1,1
Sample7_0232.png,1,0,0,1
Sample6_0218.png,0,1,0,1
BrownHorseintoshadow_0360.png,1,0,0,1
ChestnutHorseLight_0079.png,1,1,1,1
Sample5_0335.png,1,1,1,1
Sample5_0248.png,1,1,1,0
GreyHorseNoShadowBadLight_0111.png,1,1,0,1
Sample10_0167.png,1,1,1,1
Sample11_0222.png,1,1,0,1
Sample11_0272.png,0,1,1,1
Sample9_0197.png,1,1,0,1
BrownHorseintoshadow_0393.png,0,1,1,1
Sample8_0179.png,1,0,1,0
Sample13_0243.png,1,1,1,1
Sample16_0328.png,1,0,0,1
Sample16_0333.png,1,0,0,1
Brownhorselight_0331.png,1,0,1,0
Sample6_0141.png,1,1,0,1
GreyHorseLightandShadow_0259.png,1,0,1,1
Sample10_0270.png,1,1,1,0
Sample1_0172.png,1,1,0,1
Brownhorselight_0340.png,1,1,1,1
Sample15_0050.png,1,1,1,0
Sample3_0402.png,1,1,0,1
Sample11_0287.png,1,1,0,1
Sample9_0179.png,0,1,1,1
Sample14_0090.png,1,0,0,1
ChestnutHorseLight_0082.png,1,1,1,1
Sample1_0069.png,0,1,1,1
BrownHorseintoshadow_0271.png,0,1,1,1
BrownHorseintoshadow_0332.png,0,1,1,1
Sample18_0080.png,1,0,1,1
Brownhorseoutofshadow_0347.png,1,1,1,1
Brownhorseoutofshadow_0432.png,1,1,1,0
Sample8_0314.png,1,1,1,1
Sample2_0375.png,1,1,1,0
Sample4_0394.png,1,0,1,1
Sample18_0055.png,1,1,1,0
Sample15_0031.png,1,1,0,1
Sample7_0304.png,1,0,1,1
Brownhorseoutofshadow_0202.png,1,1,0,1
Sample8_0068.png,1,1,1,0
Sample20_0179.png,1,1,1,1
Sample11_0295.png,1,1,0,1
Chestnuthorseongrass_0351.png,1,1,1,1
GreyHorseNoShadowBadLight_0251.png,1,0,0,1
Chestnuthorseongrass_0222.png,1,0,1,0
Sample5_0361.png,1,0,1,0
Sample6_0350.png,1,0,1,0
Sample2_0376.png,1,1,1,0
Sample11_0256.png,1,1,1,0
Sample20_0056.png,1,0,0,1
Sample20_0114.png,0,1,0,1
Sample20_0163.png,0,1,1,0
Sample4_0302.png,0,1,1,1
Sample4_0332.png,0,1,1,1
Sample20_0158.png,1,0,0,1
Sample13_0111.png,1,0,0,1
BrownHorseinShadow_0211.png,1,1,0,1
Sample6_0227.png,1,0,0,1
GreyHorseNoShadowBadLight_0188.png,1,1,1,0
Sample10_0218.png,1,1,1,0
Sample14_0096.png,1,0,1,0
Chestnuthorseongrass_0360.png,1,0,1,1
Sample5_0293.png,1,0,1,0
Sample6_0289.png,1,1,1,0
Sample2_0283.png,1,0,1,1
Sample13_0153.png,1,1,1,0
Sample5_0216.png,1,1,0,1
Sample1_0159.png,1,1,1,0
Sample1_0127.png,1,1,1,0
Sample18_0086.png,1,1,1,0
ChestnutHorseLight_0129.png,1,1,0,1
Brownhorseoutofshadow_0388.png,0,1,1,1
GreyHorseNoShadowBadLight_0177.png,1,1,0,1
Sample12_0239.png,1,1,1,0
Sample3_0272.png,1,1,0,1
Sample18_0020.png,1,1,1,0
Sample15_0042.png,1,1,1,1
Sample3_0371.png,1,1,0,1
Chestnuthorseongrass_0441.png,1,0,0,1
Sample8_0253.png,1,0,0,1
Sample4_0232.png,1,1,1,0
Sample8_0295.png,1,1,1,1
Sample1_0046.png,1,1,0,1
Sample3_0357.png,1,1,1,1
Sample16_0165.png,1,1,1,1
Chestnuthorseongrass_0313.png,1,0,1,1
Sample4_0278.png,1,1,0,1
Sample8_0026.png,1,1,1,1
Sample16_0269.png,1,1,0,1
Brownhorselight_0165.png,1,1,0,1
Sample5_0280.png,1,1,0,1
Sample7_0405.png,1,1,1,1
ChestnutHorseLight_0245.png,0,1,1,0
Sample20_0147.png,0,1,0,1
BrownHorseintoshadow_0399.png,0,1,1,0
Brownhorselight_0349.png,0,1,1,1
Sample16_0152.png,1,1,1,1
Sample6_0110.png,1,1,1,0
Sample20_0023.png,1,0,1,1
Sample9_0133.png,1,1,0,1
Sample16_0160.png,1,1,1,1
Sample3_0297.png,1,1,1,0
Sample7_0288.png,1,1,1,0
Sample3_0204.png,1,1,1,1
GreyHorseNoShadowBadLight_0286.png,1,1,1,1
GreyHorseNoShadowBadLight_0329.png,1,0,1,1
Sample10_0162.png,1,1,1,0
Sample16_0296.png,1,1,1,0
ChestnutHorseLight_0126.png,1,1,0,1
ChestnutHorseLight_0169.png,1,1,1,0
Sample17_0110.png,1,1,1,0
Sample2_0282.png,1,0,1,1
GreyHorseNoShadowBadLight_0058.png,1,1,1,1
ChestnutHorseLight_0192.png,1,1,0,1
Sample3_0277.png,1,1,0,1
Sample8_0200.png,1,1,1,0
Sample11_0279.png,0,1,1,1
Sample18_0073.png,1,1,0,1
Sample2_0460.png,0,1,1,1
Sample9_0218.png,1,1,1,0
Sample12_0124.png,1,1,0,1
Chestnuthorseongrass_0202.png,1,1,0,1
Sample20_0041.png,0,1,1,1
Sample3_0167.png,1,1,1,0
Sample5_0260.png,0,1,1,1
Sample17_0177.png,1,1,1,0
Sample7_0205.png,1,1,1,1
GreyHorseLightandShadow_0328.png,1,1,1,1
Sample11_0299.png,1,0,1,1
Sample19_0191.png,0,1,0,1
GreyHorseLightandShadow_0220.png,0,1,1,0
BrownHorseinShadow_0243.png,1,1,0,1
Sample11_0118.png,1,1,1,1
Sample15_0130.png,0,1,0,1
Sample4_0263.png,0,1,1,0
BrownHorseintoshadow_0421.png,1,0,1,1
ChestnutHorseLight_0195.png,1,1,0,1
Sample5_0178.png,1,1,1,0
Sample9_0148.png,1,1,1,1
Sample1_0021.png,1,0,1,1
Sample19_0225.png,1,0,0,1
BrownHorseintoshadow_0344.png,0,1,0,1
Sample5_0179.png,1,1,1,0
GreyHorseLightandShadow_0265.png,1,0,1,1
Sample16_0264.png,1,1,0,1
Sample3_0287.png,1,1,1,1
Sample5_0204.png,1,1,1,1
Sample8_0201.png,1,1,1,1
Sample12_0143.png,1,1,0,1
Sample11_0167.png,1,1,1,1
Sample11_0234.png,1,0,1,1
Brownhorselight_0214.png,0,1,1,1
Chestnuthorseongrass_0213.png,1,1,1,1
Sample12_0162.png,1,0,1,0
Sample12_0190.png,1,1,1,1
Sample4_0281.png,1,1,0,1
Sample2_0191.png,1,1,1,1
Sample5_0220.png,1,1,0,1
Sample9_0055.png,1,1,1,1
Sample2_0374.png,1,1,1,0
BrownHorseintoshadow_0231.png,1,1,1,1
Sample9_0392.png,1,1,1,1
Sample3_0305.png,1,1,1,1
Sample18_0144.png,1,0,1,1
Sample11_0290.png,1,1,0,1
Sample4_0340.png,1,0,0,1
GreyHorseLightandShadow_0208.png,1,1,1,0
Sample14_0003.png,0,1,1,0
Sample10_0234.png,0,1,1,1
Sample19_0182.png,0,1,1,1
BrownHorseintoshadow_0330.png,0,1,1,1
Sample6_0423.png,1,1,1,1
Brownhorseoutofshadow_0218.png,1,1,1,1
Sample4_0210.png,1,1,1,1
Sample8_0049.png,1,1,1,1
Sample17_0097.png,1,1,1,1
Brownhorselight_0145.png,1,1,1,0
Sample11_0175.png,1,1,1,1
Sample3_0323.png,1,1,1,1
Sample3_0439.png,1,1,1,1
Sample16_0195.png,1,1,0,1
Sample8_0304.png,0,1,0,1
Sample8_0203.png,1,0,1,0
Sample8_0159.png,0,1,0,1
Sample5_0295.png,1,0,1,0
Sample11_0115.png,1,1,1,1
Brownhorseoutofshadow_0390.png,0,1,0,1
Sample18_0041.png,1,1,0,1
Sample17_0148.png,1,1,1,0
GreyHorseLightandShadow_0291.png,0,1,1,0
Sample14_0080.png,0,1,0,1
Sample8_0396.png,1,1,1,1
Sample13_0008.png,1,0,1,1
BrownHorseintoshadow_0372.png,0,1,1,1
Sample15_0074.png,1,0,1,1
Sample2_0296.png,1,0,1,0
ChestnutHorseLight_0196.png,1,1,0,1
Sample13_0165.png,0,1,1,1
Sample12_0357.png,1,1,1,1
BrownHorseinShadow_0265.png,1,0,1,1
Sample2_0448.png,1,1,1,1
Sample4_0410.png,1,1,1,1
Sample12_0200.png,0,1,0,1
Brownhorseoutofshadow_0329.png,1,1,0,1
Sample5_0404.png,1,1,1,1
Chestnuthorseongrass_0328.png,0,1,1,1
Sample17_0237.png,1,1,0,1
Brownhorseoutofshadow_0282.png,1,1,1,1
Sample18_0078.png,1,0,0,1
Sample9_0244.png,1,0,1,0
Sample2_0309.png,1,1,1,0
Brownhorselight_0130.png,1,1,1,1
Sample5_0229.png,1,0,1,1
Sample13_0222.png,1,0,1,0
Sample8_0309.png,1,1,0,1
GreyHorseLightandShadow_0165.png,0,1,1,1
Sample11_0339.png,0,1,1,1
Sample8_0058.png,1,1,1,0
Sample2_0406.png,0,1,0,1
ChestnutHorseLight_0239.png,1,1,1,0
ChestnutHorseLight_0267.png,1,1,0,1
GreyHorseNoShadowBadLight_0078.png,1,1,1,1
Sample13_0235.png,1,1,1,1
Sample19_0145.png,0,1,1,1
Sample14_0084.png,0,1,0,1
BrownHorseinShadow_0165.png,0,1,0,1
BrownHorseintoshadow_0145.png,1,1,1,1
BrownHorseintoshadow_0382.png,1,1,1,0
Sample18_0036.png,0,1,0,1
Chestnuthorseongrass_0465.png,1,1,1,1
BrownHorseinShadow_0255.png,1,0,1,1
Brownhorseoutofshadow_0398.png,1,1,0,1
GreyHorseLightandShadow_0401.png,1,0,1,1
Sample11_0266.png,0,1,1,0
Chestnuthorseongrass_0246.png,0,1,1,1
Chestnuthorseongrass_0275.png,1,0,0,1
Sample11_0225.png,1,1,0,1
Chestnuthorseongrass_0349.png,1,0,0,1
Sample6_0283.png,1,0,0,1
Sample9_0110.png,1,1,1,0
BrownHorseinShadow_0242.png,1,1,0,1
Sample4_0251.png,1,1,0,1
ChestnutHorseLight_0090.png,1,1,1,0
Sample14_0048.png,0,1,1,1
Sample13_0038.png,1,1,0,1
Brownhorseoutofshadow_0330.png,0,1,0,1
BrownHorseintoshadow_0172.png,1,1,1,1
Sample2_0467.png,1,1,1,1
GreyHorseNoShadowBadLight_0238.png,0,1,1,1
Sample9_0308.png,0,1,1,1
Chestnuthorseongrass_0135.png,1,1,1,1
Sample20_0059.png,0,1,1,1
Sample6_0291.png,1,1,1,1
Sample13_0150.png,1,1,1,1
BrownHorseinShadow_0334.png,1,0,1,1
Sample4_0162.png,1,1,1,1
GreyHorseLightandShadow_0141.png,1,1,1,0
Sample14_0151.png,1,1,1,0
Chestnuthorseongrass_0301.png,1,0,1,0
Sample13_0061.png,0,1,1,1
GreyHorseNoShadowBadLight_0320.png,0,1,1,1
ChestnutHorseLight_0237.png,1,1,1,0
Sample5_0228.png,1,0,1,1
Sample4_0192.png,1,1,1,1
BrownHorseinShadow_0082.png,1,1,1,1
Sample8_0277.png,1,1,1,0
Sample2_0286.png,1,0,0,1
Sample3_0399.png,0,1,0,1
Sample11_0146.png,1,1,1,1
Sample4_0397.png,1,0,1,1
Sample17_0055.png,1,1,1,1
Sample2_0262.png,1,1,0,1
GreyHorseNoShadowBadLight_0129.png,1,1,0,1
Brownhorseoutofshadow_0446.png,0,1,1,1
Sample1_0055.png,1,0,1,0
Sample9_0300.png,1,1,1,0
Sample18_0134.png,1,1,1,1
GreyHorseLightandShadow_0137.png,1,1,1,0
Sample9_0227.png,1,1,0,1
Sample10_0312.png,1,1,1,1
Sample1_0141.png,0,1,1,1
Sample2_0429.png,1,0,1,1
GreyHorseLightandShadow_0229.png,1,1,1,0
Sample9_0288.png,1,1,1,0
BrownHorseinShadow_0116.png,1,1,1,1
Sample20_0131.png,1,0,1,0
Brownhorselight_0088.png,1,1,1,1
Sample12_0267.png,0,1,0,1
Sample9_0286.png,1,1,0,1
Sample4_0254.png,1,1,0,1
Sample7_0341.png,0,1,1,1
BrownHorseinShadow_0229.png,0,1,1,1
GreyHorseNoShadowBadLight_0160.png,0,1,1,0
Sample9_0145.png,1,0,0,1
Sample12_0115.png,1,1,1,1
Sample5_0206.png,1,1,0,1
Chestnuthorseongrass_0431.png,1,1,1,1
GreyHorseLightandShadow_0213.png,1,1,1,0
Brownhorseoutofshadow_0193.png,1,1,1,1
Brownhorselight_0270.png,1,1,1,0
Sample12_0116.png,1,1,1,1
Sample2_0279.png,1,0,0,1
GreyHorseNoShadowBadLight_0213.png,1,1,1,0
Sample10_0306.png,0,1,1,0
BrownHorseintoshadow_0235.png,1,0,1,1
Chestnuthorseongrass_0307.png,1,1,1,0
Sample9_0297.png,1,1,1,0
Brownhorselight_0346.png,0,1,1,1
GreyHorseNoShadowBadLight_0136.png,1,1,1,1
ChestnutHorseLight_0104.png,1,1,1,0
Sample16_0241.png,0,1,1,0
Sample9_0338.png,1,0,0,1
Brownhorseoutofshadow_0387.png,0,1,1,1
BrownHorseintoshadow_0200.png,1,1,1,1
Chestnuthorseongrass_0445.png,1,0,1,1
Sample13_0104.png,1,1,1,0
Sample20_0081.png,0,1,0,1
BrownHorseintoshadow_0283.png,1,1,1,0
Sample5_0343.png,0,1,0,1
Sample12_0127.png,1,1,0,1
Sample1_0071.png,1,1,1,0
Sample10_0301.png,0,1,0,1
BrownHorseinShadow_0169.png,1,1,1,0
BrownHorseintoshadow_0204.png,1,1,1,1
Sample8_0302.png,0,1,0,1
Sample13_0200.png,1,1,1,0
Sample10_0235.png,0,1,1,1
Sample11_0195.png,1,1,1,0
Sample2_0273.png,0,1,0,1
Sample9_0302.png,0,1,1,0
Sample11_0229.png,1,1,0,1
BrownHorseinShadow_0245.png,1,1,0,1
BrownHorseinShadow_0268.png,0,1,1,1
Brownhorseoutofshadow_0306.png,0,1,1,0
Sample16_0188.png,1,1,1,1
Sample9_0375.png,1,1,1,1
Sample15_0134.png,1,1,0,1
Sample4_0442.png,1,1,1,1
BrownHorseintoshadow_0162.png,1,1,1,1
Sample15_0077.png,0,1,1,1
Sample13_0025.png,0,1,1,0
BrownHorseintoshadow_0299.png,1,0,1,1
Sample11_0284.png,0,1,0,1
Sample1_0006.png,0,1,1,1
Sample14_0055.png,1,1,0,1
Sample11_0220.png,1,1,0,1
Brownhorseoutofshadow_0254.png,1,1,1,1
Sample15_0097.png,0,1,0,1
Sample8_0225.png,0,1,1,1
ChestnutHorseLight_0150.png,1,1,1,1
Chestnuthorseongrass_0452.png,1,1,1,0
Sample14_0057.png,0,1,0,1
Sample6_0122.png,1,1,1,0
Chestnuthorseongrass_0240.png,1,1,1,0
Sample4_0454.png,1,0,1,1
Sample16_0306.png,0,1,1,0
Brownhorselight_0229.png,0,1,0,1
Sample18_0042.png,1,1,0,1
GreyHorseLightandShadow_0127.png,1,1,1,1
Sample8_0320.png,1,0,0,1
Sample4_0334.png,1,0,1,0
Sample8_0217.png,0,1,1,0
GreyHorseLightandShadow_0237.png,1,1,1,0
Sample20_0024.png,1,0,1,1
Sample4_0409.png,0,1,1,1
Sample9_0335.png,1,0,1,1
Sample13_0092.png,0,1,1,0
Sample3_0135.png,1,1,1,1
GreyHorseLightandShadow_0067.png,1,1,1,1
Sample17_0121.png,1,1,1,0
Sample8_0368.png,1,1,1,1
Sample15_0047.png,1,1,1,0
BrownHorseinShadow_0128.png,1,0,1,0
Sample7_0292.png,1,1,0,1
Chestnuthorseongrass_0491.png,0,1,1,1
Brownhorselight_0081.png,1,1,1,1
Sample14_0162.png,1,0,0,1
GreyHorseLightandShadow_0081.png,1,1,1,0
Chestnuthorseongrass_0425.png,1,0,0,1
Brownhorseoutofshadow_0336.png,1,1,0,1
Sample16_0307.png,0,1,1,0
Sample15_0146.png,1,0,1,1
Sample2_0491.png,1,1,1,1
Sample6_0341.png,1,1,0,1
Sample3_0460.png,1,1,1,1
BrownHorseinShadow_0075.png,1,1,1,1
Sample13_0022.png,0,1,1,0
Sample2_0446.png,1,0,1,0
Sample5_0320.png,1,1,1,0
Sample6_0219.png,1,1,0,1
Sample4_0211.png,1,1,1,1
Chestnuthorseongrass_0366.png,1,1,1,0
BrownHorseinShadow_0220.png,0,1,1,0
ChestnutHorseLight_0138.png,1,1,0,1
GreyHorseLightandShadow_0095.png,1,1,1,0
Sample20_0155.png,1,1,0,1
GreyHorseLightandShadow_0198.png,1,0,1,1
GreyHorseNoShadowBadLight_0114.png,1,1,0,1
Sample10_0138.png,1,1,1,1
Brownhorseoutofshadow_0368.png,1,1,1,0
Chestnuthorseongrass_0489.png,1,1,1,1
Sample4_0401.png,0,1,1,1
GreyHorseLightandShadow_0388.png,1,1,1,0
Sample8_0301.png,0,1,1,1
Sample13_0151.png,1,1,1,1
ChestnutHorseLight_0066.png,1,1,0,1
Sample7_0175.png,1,1,1,1
Sample8_0113.png,1,0,1,1
Sample16_0205.png,1,1,0,1
Sample9_0303.png,0,1,1,0
Sample12_0285.png,1,0,0,1
BrownHorseintoshadow_0149.png,1,1,1,1
Sample4_0406.png,1,0,1,1
Sample12_0134.png,1,1,0,1
Sample2_0438.png,1,0,1,0
BrownHorseintoshadow_0397.png,0,1,1,1
Sample17_0071.png,1,1,1,0
GreyHorseNoShadowBadLight_0272.png,1,0,1,0
Sample8_0176.png,1,0,0,1
GreyHorseNoShadowBadLight_0150.png,1,1,1,0
Sample16_0197.png,1,1,0,1
Sample8_0052.png,1,1,1,1
BrownHorseintoshadow_0176.png,1,1,1,1
Sample4_0243.png,0,1,1,1
GreyHorseNoShadowBadLight_0161.png,0,1,1,0
Sample2_0291.png,1,0,1,1
ChestnutHorseLight_0292.png,1,1,1,1
Sample13_0023.png,0,1,1,0
Sample14_0071.png,0,1,1,0
Sample18_0104.png,1,1,0,1
Sample10_0304.png,0,1,1,0
Sample2_0345.png,0,1,0,1
BrownHorseintoshadow_0151.png,1,1,1,1
Chestnuthorseongrass_0368.png,0,1,1,0
Sample2_0334.png,0,1,0,1
Sample8_0155.png,0,1,1,1
Sample20_0097.png,1,0,1,0
Sample17_0050.png,1,1,1,0
Sample2_0324.png,0,1,1,1
GreyHorseLightandShadow_0260.png,0,1,1,1
GreyHorseLightandShadow_0399.png,1,1,1,1
ChestnutHorseLight_0221.png,1,0,1,1
BrownHorseintoshadow_0340.png,0,1,1,1
Sample9_0185.png,0,1,1,1
Sample13_0076.png,1,0,0,1
BrownHorseintoshadow_0147.png,1,1,1,1
Sample9_0091.png,1,1,1,0
Sample12_0307.png,1,1,1,0
GreyHorseLightandShadow_0192.png,1,0,1,1
Chestnuthorseongrass_0481.png,1,1,1,1
GreyHorseNoShadowBadLight_0279.png,1,1,1,0
Sample15_0062.png,0,1,0,1
Sample16_0245.png,0,1,1,0
Chestnuthorseongrass_0201.png,1,1,0,1
Sample16_0216.png,1,1,1,1
Sample1_0038.png,0,1,1,1
Sample9_0109.png,1,1,1,1
Sample13_0212.png,1,1,0,1
Sample17_0082.png,1,1,1,1
Brownhorseoutofshadow_0178.png,1,1,1,1
Sample5_0161.png,1,1,1,1
BrownHorseinShadow_0151.png,0,1,1,1
Sample17_0214.png,1,1,1,0
Sample17_0270.png,1,1,1,1
Sample18_0064.png,0,1,1,1
Sample5_0267.png,0,1,1,1
Sample18_0096.png,0,1,1,1
Sample13_0031.png,0,1,0,1
Brownhorseoutofshadow_0429.png,1,1,1,0
Sample2_0481.png,1,1,1,1
Sample2_0247.png,1,1,1,1
Sample19_0239.png,1,0,1,0
Sample8_0292.png,0,1,1,1
Sample17_0089.png,1,1,1,1
Sample6_0313.png,0,1,1,0
Sample4_0384.png,1,1,0,1
GreyHorseLightandShadow_0154.png,1,1,1,0
GreyHorseNoShadowBadLight_0130.png,1,1,0,1
Sample9_0112.png,1,1,1,0
Sample9_0311.png,1,1,1,1
Sample17_0083.png,1,1,1,1
Sample2_0425.png,1,0,1,1
Sample10_0223.png,0,1,1,0
Chestnuthorseongrass_0128.png,1,1,1,1
Sample19_0141.png,1,1,1,1
GreyHorseNoShadowBadLight_0275.png,0,1,1,0
Sample20_0164.png,1,0,1,0
Sample3_0192.png,1,1,0,1
Brownhorseoutofshadow_0252.png,0,1,1,1
Sample11_0334.png,1,1,1,1
Chestnuthorseongrass_0130.png,1,1,1,1
GreyHorseNoShadowBadLight_0296.png,0,1,1,1
Sample6_0385.png,0,1,1,1
Brownhorselight_0096.png,1,1,1,1
Sample10_0170.png,1,1,1,1
ChestnutHorseLight_0284.png,1,0,1,1
Sample9_0116.png,1,1,1,0
BrownHorseintoshadow_0355.png,1,1,0,1
Sample6_0212.png,1,1,0,1
Chestnuthorseongrass_0224.png,1,0,1,1
Sample15_0112.png,1,0,1,1
Sample13_0209.png,1,1,1,0
Chestnuthorseongrass_0375.png,1,1,1,0
Sample4_0224.png,1,1,1,0
Sample17_0228.png,0,1,1,0
GreyHorseNoShadowBadLight_0258.png,1,0,1,0
Sample14_0015.png,1,0,1,1
BrownHorseintoshadow_0347.png,1,1,0,1
GreyHorseLightandShadow_0397.png,1,1,1,1
Sample4_0172.png,1,1,1,1
Sample6_0328.png,0,1,0,1
Sample12_0117.png,1,1,1,1
Sample8_0365.png,0,1,1,1
Chestnuthorseongrass_0249.png,1,0,1,1
Brownhorselight_0311.png,1,1,1,0
Sample16_0262.png,1,1,0,1
Sample4_0449.png,1,1,1,1
Sample12_0350.png,1,1,1,1
Brownhorselight_0361.png,0,1,1,1
Sample20_0014.png,1,1,0,1
Sample4_0415.png,1,1,1,1
Sample3_0440.png,1,1,1,1
Sample2_0347.png,1,1,1,0
Sample10_0286.png,0,1,1,1
Sample14_0137.png,0,1,1,0
BrownHorseinShadow_0069.png,1,1,0,1
Chestnuthorseongrass_0421.png,1,0,0,1
BrownHorseintoshadow_0362.png,1,0,0,1
ChestnutHorseLight_0016.png,1,1,1,1
Sample17_0058.png,1,1,1,1
GreyHorseLightandShadow_0244.png,1,1,1,0
GreyHorseLightandShadow_0249.png,1,1,0,1
ChestnutHorseLight_0185.png,0,1,1,1
Sample11_0101.png,1,1,1,1
Sample20_0021.png,1,0,0,1
Sample1_0142.png,1,1,1,0
Sample12_0168.png,1,1,1,0
ChestnutHorseLight_0146.png,1,0,1,1
Sample6_0230.png,1,0,1,1
BrownHorseintoshadow_0394.png,0,1,1,1
Sample10_0320.png,1,0,1,1
Chestnuthorseongrass_0397.png,1,1,1,1
Sample12_0182.png,0,1,1,1
Sample3_0382.png,0,1,1,1
Sample20_0017.png,1,1,0,1
BrownHorseinShadow_0247.png,1,1,0,1
Sample7_0192.png,1,1,1,0
GreyHorseNoShadowBadLight_0305.png,1,0,1,1
Sample3_0148.png,1,1,1,1
Sample14_0016.png,0,1,1,1
Brownhorseoutofshadow_0370.png,1,1,1,0
GreyHorseLightandShadow_0368.png,0,1,1,1
BrownHorseintoshadow_0413.png,1,1,1,1
Brownhorselight_0228.png,0,1,0,1
Sample12_0083.png,1,1,1,1
Sample9_0242.png,0,1,1,0
Sample2_0462.png,0,1,1,1
BrownHorseinShadow_0068.png,1,1,0,1
ChestnutHorseLight_0068.png,1,1,0,1
Sample9_0163.png,1,1,1,0
Sample16_0159.png,1,1,1,1
Sample7_0257.png,1,1,1,0
Brownhorselight_0160.png,1,1,1,1
Sample17_0074.png,1,1,1,1
Sample17_0235.png,0,1,1,1
GreyHorseLightandShadow_0402.png,1,1,1,1
Sample10_0146.png,1,1,1,1
Sample11_0262.png,1,1,1,0
ChestnutHorseLight_0075.png,1,1,0,1
Sample5_0143.png,1,1,1,1
GreyHorseNoShadowBadLight_0206.png,0,1,1,1
Sample18_0005.png,1,1,0,1
ChestnutHorseLight_0243.png,0,1,1,0
BrownHorseintoshadow_0319.png,1,1,1,0
Sample5_0321.png,1,1,1,0
Brownhorseoutofshadow_0416.png,1,1,1,1
Chestnuthorseongrass_0471.png,1,1,1,1
Sample8_0351.png,1,1,1,1
GreyHorseLightandShadow_0128.png,1,1,1,1
BrownHorseinShadow_0081.png,1,1,1,1
Sample8_0206.png,1,1,1,0
Sample7_0156.png,1,1,1,1
BrownHorseinShadow_0148.png,0,1,1,1
Sample12_0281.png,0,1,0,1
ChestnutHorseLight_0055.png,1,1,0,1
ChestnutHorseLight_0281.png,1,0,1,1
Sample12_0194.png,0,1,0,1
Chestnuthorseongrass_0321.png,1,1,1,1
GreyHorseLightandShadow_0200.png,1,0,1,1
BrownHorseintoshadow_0155.png,1,1,1,1
Sample1_0160.png,1,0,1,0
Sample8_0017.png,1,1,1,1
Sample19_0134.png,1,0,0,1
Sample3_0437.png,1,1,1,1
BrownHorseintoshadow_0269.png,0,1,1,1
Sample17_0080.png,1,1,1,0
Sample15_0135.png,1,1,0,1
Sample17_0076.png,1,1,1,0
Sample7_0336.png,0,1,1,1
Sample17_0116.png,1,1,1,0
Chestnuthorseongrass_0299.png,1,1,1,0
GreyHorseLightandShadow_0391.png,1,1,1,1
Sample16_0233.png,1,1,1,0
Brownhorselight_0083.png,1,1,1,1
GreyHorseNoShadowBadLight_0203.png,1,0,1,1
Sample16_0240.png,0,1,1,0
Sample2_0361.png,1,0,1,1
Sample17_0193.png,1,0,1,1
Sample19_0207.png,1,0,0,1
Sample15_0136.png,0,1,0,1
Sample2_0298.png,1,0,1,0
Brownhorselight_0146.png,1,1,1,0
Brownhorseoutofshadow_0467.png,1,1,1,1
Sample15_0018.png,0,1,1,0
Sample6_0105.png,1,1,1,1
Sample17_0227.png,1,1,1,0
Sample4_0343.png,1,0,1,0
Sample7_0196.png,1,1,1,0
Sample17_0087.png,1,1,1,1
Sample13_0218.png,1,0,0,1
Sample4_0244.png,0,1,0,1
Sample3_0384.png,0,1,1,1
ChestnutHorseLight_0017.png,1,1,1,1
Sample15_0142.png,1,0,0,1
Sample2_0217.png,1,1,1,1
Sample3_0242.png,1,1,1,0
Sample20_0077.png,0,1,1,1
Sample4_0458.png,1,1,1,1
Sample18_0048.png,1,0,1,1
BrownHorseintoshadow_0213.png,1,1,0,1
Sample11_0253.png,1,1,1,0
GreyHorseNoShadowBadLight_0326.png,1,1,1,1
Chestnuthorseongrass_0291.png,0,1,1,1
Sample9_0131.png,1,1,0,1
Sample1_0093.png,0,1,1,0
Sample7_0200.png,1,1,1,1
Sample14_0023.png,1,1,0,1
Sample6_0158.png,1,1,0,1
GreyHorseLightandShadow_0233.png,0,1,1,1
ChestnutHorseLight_0189.png,0,1,0,1
Chestnuthorseongrass_0354.png,1,0,1,1
Sample13_0169.png,0,1,0,1
Sample5_0194.png,1,1,1,1
Chestnuthorseongrass_0159.png,1,1,1,1
Sample4_0437.png,0,1,1,1
Sample6_0255.png,0,1,1,0
Sample12_0130.png,1,1,0,1
Sample4_0389.png,1,0,1,0
Sample14_0102.png,1,1,1,0
Sample3_0319.png,0,1,1,1
Sample20_0090.png,1,0,0,1
Sample7_0245.png,1,0,0,1
Sample17_0240.png,0,1,0,0
BrownHorseintoshadow_0343.png,0,1,0,1
Sample12_0287.png,0,1,0,1
Sample7_0360.png,1,1,1,1
GreyHorseNoShadowBadLight_0135.png,1,1,1,1
Sample12_0125.png,1,1,0,1
Sample7_0289.png,1,1,1,0
GreyHorseNoShadowBadLight_0241.png,0,1,0,1
GreyHorseLightandShadow_0113.png,1,1,0,1
Sample2_0420.png,1,0,0,1
GreyHorseNoShadowBadLight_0104.png,1,1,1,1
Sample5_0313.png,1,1,1,0
GreyHorseNoShadowBadLight_0167.png,1,0,1,1
GreyHorseNoShadowBadLight_0116.png,1,1,0,1
Sample11_0335.png,0,1,1,1
Sample17_0166.png,0,1,1,1
Sample5_0372.png,1,0,1,1
Sample10_0178.png,1,1,0,1
Sample9_0178.png,0,1,1,1
BrownHorseinShadow_0224.png,0,1,1,1
Sample3_0258.png,0,1,1,1
Brownhorselight_0204.png,1,1,1,0
Sample12_0109.png,1,1,1,0
Sample20_0082.png,0,1,0,1
Sample12_0325.png,0,1,1,1
ChestnutHorseLight_0244.png,0,1,1,0
Sample11_0133.png,1,1,1,1
Chestnuthorseongrass_0314.png,0,1,1,0
Sample5_0164.png,1,1,0,1
Chestnuthorseongrass_0254.png,1,0,1,1
Brownhorselight_0290.png,0,1,1,1
Sample9_0320.png,0,1,0,1
GreyHorseLightandShadow_0250.png,1,1,0,1
GreyHorseLightandShadow_0230.png,0,1,1,0
BrownHorseinShadow_0345.png,1,1,1,1
GreyHorseNoShadowBadLight_0317.png,1,1,1,1
Sample11_0181.png,1,1,1,0
Sample14_0040.png,0,1,1,0
Sample12_0296.png,1,0,1,1
Chestnuthorseongrass_0182.png,1,1,1,1
Sample1_0114.png,1,0,0,1
Sample10_0349.png,1,0,1,1
Sample13_0085.png,1,1,1,0
BrownHorseinShadow_0291.png,1,1,1,1
Sample19_0172.png,0,1,1,0
Sample9_0203.png,1,1,0,1
Chestnuthorseongrass_0243.png,0,1,1,0
Chestnuthorseongrass_0326.png,1,0,1,1
Sample3_0252.png,0,1,1,1
Sample3_0241.png,1,1,1,0
Sample17_0048.png,1,1,1,1
Sample3_0144.png,1,1,0,1
Sample3_0293.png,1,0,1,1
Sample9_0283.png,1,0,1,1
Sample9_0370.png,0,1,1,1
BrownHorseintoshadow_0276.png,1,1,0,1
ChestnutHorseLight_0269.png,1,1,1,1
Sample7_0149.png,1,1,1,1
Sample3_0236.png,1,1,1,0
GreyHorseNoShadowBadLight_0060.png,1,1,1,1
Sample20_0134.png,1,1,1,0
Sample6_0320.png,0,1,1,1
Brownhorselight_0100.png,1,1,1,1
Sample13_0204.png,0,1,0,1
Sample18_0022.png,1,0,1,0
Brownhorselight_0343.png,0,1,1,1
Sample8_0245.png,1,1,1,0
Chestnuthorseongrass_0252.png,0,1,1,1
Sample7_0365.png,1,0,1,1
Sample8_0344.png,1,1,1,0
Sample1_0009.png,0,1,0,1
Sample2_0243.png,1,1,1,0
Sample6_0425.png,1,1,1,1
Sample15_0073.png,1,0,0,1
Sample9_0246.png,1,1,1,1
Sample18_0062.png,0,1,1,0
Sample18_0143.png,1,0,0,1
Sample2_0383.png,1,1,1,0
Sample12_0085.png,1,1,1,1
Brownhorseoutofshadow_0476.png,1,1,1,1
Sample5_0397.png,0,1,1,1
Sample2_0464.png,0,1,1,1
Sample16_0192.png,1,1,1,1
Sample17_0112.png,1,1,0,1
Sample16_0319.png,1,1,0,1
Chestnuthorseongrass_0453.png,1,1,1,0
GreyHorseNoShadowBadLight_0229.png,0,1,1,1
Sample12_0329.png,0,1,1,1
Sample11_0280.png,0,1,0,1
Sample20_0161.png,0,1,0,1
Sample6_0220.png,1,1,0,1
Sample9_0176.png,0,1,1,0
Sample12_0100.png,1,1,1,1
Sample17_0066.png,1,1,1,1
Sample3_0157.png,1,1,1,1
Sample8_0186.png,0,1,1,1
Sample11_0322.png,1,1,1,1
Sample8_0252.png,1,0,1,0
Sample20_0141.png,0,1,1,0
Sample9_0087.png,1,1,1,1
Chestnuthorseongrass_0347.png,1,1,0,1
Sample4_0277.png,1,1,0,1
Sample2_0177.png,1,1,1,1
Sample13_0114.png,1,0,1,1
Brownhorselight_0191.png,1,1,1,1
Chestnuthorseongrass_0288.png,1,0,1,1
Chestnuthorseongrass_0235.png,1,0,1,0
Sample14_0021.png,1,1,0,1
Brownhorseoutofshadow_0475.png,1,1,1,1
Sample6_0154.png,1,1,0,1
Sample17_0179.png,1,0,0,1
Sample7_0342.png,1,1,0,1
Sample17_0187.png,1,0,0,1
Sample15_0038.png,1,0,1,1
Sample6_0124.png,1,1,1,0
Sample19_0209.png,1,0,0,1
Sample16_0301.png,0,1,1,0
Sample4_0287.png,1,1,1,0
Sample8_0350.png,1,1,1,1
Sample6_0153.png,1,1,0,1
GreyHorseNoShadowBadLight_0282.png,1,1,1,0
Sample14_0072.png,0,1,1,0
Sample19_0232.png,1,0,1,0
Sample9_0137.png,1,1,0,1
Sample8_0086.png,1,1,0,1
Sample2_0434.png,1,0,1,1
Sample7_0168.png,1,1,1,1
Sample5_0163.png,1,1,0,1
Sample9_0316.png,0,1,0,1
Sample10_0123.png,1,1,1,1
Sample14_0049.png,0,1,0,1
Brownhorselight_0341.png,1,1,1,1
Chestnuthorseongrass_0193.png,1,1,0,1
Sample18_0081.png,1,0,0,1
Sample9_0287.png,1,0,1,0
Sample14_0144.png,0,1,0,1
Sample9_0372.png,1,1,1,1
Sample2_0396.png,1,1,1,1
Sample16_0239.png,0,1,1,0
ChestnutHorseLight_0000.png,1,1,1,1
Sample12_0081.png,1,1,1,1
Sample8_0339.png,1,0,1,0
GreyHorseLightandShadow_0238.png,0,1,0,1
Sample16_0254.png,0,1,1,1
Sample4_0322.png,1,1,1,0
Chestnuthorseongrass_0220.png,1,0,1,1
Sample1_0103.png,0,1,1,0
Sample12_0265.png,0,1,0,1
Brownhorselight_0120.png,1,1,1,1
Sample4_0250.png,1,1,0,1
Sample1_0017.png,1,0,0,1
BrownHorseinShadow_0318.png,0,1,1,1
Sample10_0174.png,1,1,1,1
Sample9_0340.png,1,0,1,1
Sample12_0172.png,1,1,1,0
Sample15_0061.png,0,1,0,1
GreyHorseLightandShadow_0056.png,1,1,1,1
Sample8_0024.png,1,1,1,1
BrownHorseintoshadow_0380.png,1,1,1,0
Sample4_0176.png,1,1,1,1
Sample9_0134.png,1,1,1,0
ChestnutHorseLight_0076.png,1,1,1,1
Sample8_0223.png,0,1,1,1
ChestnutHorseLight_0080.png,1,1,1,1
Sample11_0206.png,0,1,1,1
Sample1_0084.png,1,0,0,1
BrownHorseintoshadow_0285.png,1,1,1,0
Sample16_0238.png,0,1,1,0
Sample5_0344.png,0,1,0,1
Sample3_0151.png,1,1,1,1
BrownHorseinShadow_0311.png,0,1,1,1
Sample11_0110.png,1,1,1,1
BrownHorseintoshadow_0240.png,1,0,1,1
ChestnutHorseLight_0163.png,1,1,1,0
Sample11_0213.png,0,1,0,1
Sample5_0423.png,0,1,1,1
Sample6_0226.png,1,0,1,0
Sample16_0292.png,1,1,1,0
Sample18_0121.png,1,1,1,0
Sample16_0215.png,1,1,1,1
BrownHorseintoshadow_0188.png,1,1,1,0
BrownHorseinShadow_0168.png,1,1,0,1
Sample16_0201.png,1,1,0,1
BrownHorseinShadow_0279.png,1,1,1,0
Sample6_0166.png,1,0,0,1
Sample18_0079.png,1,0,0,1
Sample3_0298.png,1,1,1,0
Sample1_0126.png,1,1,1,0
Brownhorselight_0305.png,1,1,1,1
Brownhorseoutofshadow_0220.png,1,1,1,1
Sample9_0174.png,0,1,1,0
Sample9_0074.png,1,1,0,1
Brownhorselight_0307.png,1,1,0,1
Sample3_0328.png,0,1,0,1
Sample12_0138.png,1,1,0,1
Sample17_0190.png,1,0,1,1
Sample6_0377.png,0,1,1,0
ChestnutHorseLight_0118.png,0,1,1,1
Sample12_0186.png,0,1,1,1
Sample1_0157.png,1,1,1,0
Sample6_0358.png,1,1,0,1
Sample10_0131.png,1,1,1,1
Sample17_0238.png,1,1,0,1
Brownhorselight_0208.png,1,1,1,0
ChestnutHorseLight_0042.png,1,1,1,1
Sample1_0158.png,1,1,1,0
Sample10_0284.png,1,1,1,1
Sample3_0345.png,1,1,0,1
Sample6_0214.png,1,1,1,0
BrownHorseinShadow_0108.png,1,1,0,1
Sample7_0246.png,1,1,1,0
Sample16_0258.png,0,1,0,1
Sample5_0153.png,1,1,1,1
Sample9_0079.png,1,1,0,1
Sample15_0034.png,1,1,0,1
Sample7_0332.png,0,1,1,1
BrownHorseinShadow_0167.png,1,1,0,1
Sample15_0152.png,1,1,1,0
Sample5_0146.png,1,1,1,1
Brownhorseoutofshadow_0182.png,1,1,1,1
Brownhorselight_0313.png,1,0,0,1
Brownhorseoutofshadow_0350.png,1,1,1,1
Sample12_0102.png,1,1,1,1
Sample13_0126.png,0,1,1,0
Sample5_0333.png,0,1,1,1
Chestnuthorseongrass_0221.png,1,0,1,1
Sample5_0384.png,1,1,1,1
Sample5_0379.png,1,1,1,0
Sample7_0351.png,0,1,0,1
Sample18_0117.png,0,1,1,1
Sample9_0103.png,1,1,1,1
Sample19_0123.png,1,1,0,1
GreyHorseLightandShadow_0283.png,1,1,1,0
Sample6_0135.png,1,1,1,1
BrownHorseintoshadow_0412.png,1,1,1,1
Brownhorseoutofshadow_0270.png,1,1,0,1
GreyHorseNoShadowBadLight_0303.png,0,1,1,1
Sample19_0190.png,0,1,0,1
GreyHorseLightandShadow_0084.png,1,1,1,1
Sample8_0153.png,0,1,1,1
Sample4_0195.png,1,1,1,1
GreyHorseNoShadowBadLight_0154.png,1,1,0,1
BrownHorseinShadow_0145.png,1,1,1,1
Brownhorselight_0288.png,0,1,1,1
Sample15_0049.png,1,1,1,0
Chestnuthorseongrass_0350.png,1,0,0,1
Sample4_0348.png,1,1,1,0
Sample1_0090.png,1,0,1,0
Brownhorselight_0359.png,1,1,1,1
Sample12_0171.png,1,1,1,0
Sample4_0155.png,1,1,1,1
Brownhorselight_0237.png,0,1,1,0
Sample4_0262.png,1,0,1,0
Sample13_0009.png,1,0,1,1
Chestnuthorseongrass_0373.png,1,1,1,0
BrownHorseintoshadow_0199.png,1,1,1,1
Sample14_0083.png,0,1,1,0
GreyHorseLightandShadow_0296.png,0,1,1,0
Sample5_0264.png,1,0,1,1
Sample9_0354.png,1,0,1,1
Sample15_0147.png,1,0,1,1
Sample11_0321.png,1,1,1,1
Sample11_0275.png,0,1,1,1
GreyHorseLightandShadow_0293.png,0,1,1,0
ChestnutHorseLight_0111.png,0,1,1,1
Sample8_0269.png,1,0,1,0
Sample7_0279.png,0,1,0,1
Sample17_0197.png,0,1,1,1
Sample15_0089.png,0,1,1,0
Sample6_0152.png,1,1,0,1
Brownhorselight_0309.png,1,1,1,0
ChestnutHorseLight_0224.png,1,1,0,1
Sample9_0254.png,0,1,0,1
Sample19_0128.png,1,0,0,1
Brownhorseoutofshadow_0278.png,1,0,1,1
Brownhorseoutofshadow_0225.png,1,1,1,0
ChestnutHorseLight_0234.png,1,1,1,0
Sample2_0483.png,1,1,1,1
Sample16_0170.png,1,1,1,1
GreyHorseLightandShadow_0362.png,1,1,1,1
Sample12_0238.png,1,1,1,0
Sample8_0353.png,1,1,1,1
Sample15_0099.png,1,1,0,1
Brownhorseoutofshadow_0483.png,1,0,1,1
Chestnuthorseongrass_0296.png,1,0,0,1
Chestnuthorseongrass_0345.png,1,0,1,0
GreyHorseLightandShadow_0102.png,1,1,1,1
Sample8_0355.png,0,1,1,1
Sample2_0458.png,0,1,1,1
Sample6_0424.png,1,1,1,1
Sample10_0259.png,1,0,1,1
Brownhorselight_0170.png,1,1,0,1
Chestnuthorseongrass_0139.png,1,1,1,1
Sample2_0208.png,1,1,1,1
Sample3_0129.png,1,1,1,1
Sample7_0185.png,1,1,1,0
Sample17_0192.png,1,0,1,1
ChestnutHorseLight_0183.png,0,1,1,1
Sample8_0221.png,0,1,1,1
Sample18_0091.png,1,1,1,0
Sample9_0107.png,1,1,1,1
Brownhorselight_0166.png,1,1,0,1
Chestnuthorseongrass_0468.png,1,1,1,1
Sample5_0215.png,1,1,0,1
Sample20_0118.png,1,1,0,1
Sample19_0192.png,1,1,0,1
Sample18_0099.png,0,1,1,1
Sample13_0087.png,1,1,1,0
Sample15_0145.png,1,0,1,1
Sample12_0108.png,1,1,1,0
Chestnuthorseongrass_0163.png,1,1,1,1
Sample7_0315.png,1,0,0,1
Sample3_0268.png,1,1,1,0
ChestnutHorseLight_0307.png,1,1,1,1
GreyHorseNoShadowBadLight_0143.png,1,1,1,0
GreyHorseLightandShadow_0194.png,1,0,1,1
Sample1_0059.png,1,0,0,1
Brownhorselight_0132.png,1,1,0,1
Sample11_0241.png,1,0,1,1
Sample10_0279.png,1,1,1,0
Chestnuthorseongrass_0137.png,1,1,1,1
Sample4_0184.png,1,1,1,1
Sample9_0039.png,1,1,1,1
Sample5_0349.png,1,1,0,1
Sample13_0193.png,1,1,1,0
Sample2_0443.png,1,0,1,0
ChestnutHorseLight_0298.png,1,1,1,1
Sample8_0033.png,1,1,1,1
Sample16_0339.png,1,0,0,1
Sample17_0133.png,1,0,1,0
BrownHorseinShadow_0320.png,1,1,1,1
Sample3_0222.png,1,1,1,1
Brownhorseoutofshadow_0187.png,1,1,1,1
Brownhorseoutofshadow_0498.png,1,1,1,1
Sample11_0149.png,1,1,0,1
Sample7_0215.png,0,1,0,1
Sample19_0149.png,1,0,1,0
Sample6_0267.png,1,0,1,0
Sample6_0419.png,1,1,1,1
Sample17_0168.png,1,1,0,1
Chestnuthorseongrass_0206.png,1,1,0,1
Sample18_0043.png,1,1,0,1
Sample8_0370.png,1,1,1,1
Sample4_0356.png,0,1,1,0
GreyHorseNoShadowBadLight_0334.png,1,1,1,1
Sample8_0379.png,1,1,1,1
Sample9_0273.png,1,0,0,1
Sample19_0174.png,0,1,1,1
Sample9_0095.png,1,1,1,0
Brownhorseoutofshadow_0222.png,1,1,1,1
Sample13_0062.png,0,1,1,1
Sample4_0219.png,1,1,1,0
Sample14_0045.png,0,1,1,1
Chestnuthorseongrass_0250.png,0,1,1,1
Sample12_0334.png,0,1,1,1
Sample9_0351.png,1,1,1,1
Chestnuthorseongrass_0324.png,0,1,1,1
Sample10_0197.png,1,1,0,1
Sample17_0157.png,1,1,1,1
Sample17_0203.png,1,1,1,0
Sample5_0341.png,0,1,0,1
ChestnutHorseLight_0048.png,1,1,1,1
Brownhorseoutofshadow_0185.png,1,1,1,1
Chestnuthorseongrass_0342.png,1,1,1,0
GreyHorseNoShadowBadLight_0097.png,1,1,1,1
Sample5_0370.png,1,1,1,1
Sample16_0331.png,1,0,0,1
Chestnuthorseongrass_0335.png,1,1,0,1
Sample11_0226.png,1,1,0,1
GreyHorseNoShadowBadLight_0072.png,1,1,1,1
BrownHorseintoshadow_0392.png,0,1,1,1
Sample12_0088.png,1,1,1,1
Sample17_0090.png,1,1,1,1
Sample20_0001.png,0,1,1,0
Sample6_0426.png,0,1,1,1
Sample17_0206.png,1,1,0,1
Sample8_0297.png,1,1,1,1
Sample7_0317.png,1,1,1,0
Sample8_0014.png,1,1,1,1
Sample10_0118.png,1,1,1,1
Sample13_0191.png,1,1,1,0
Brownhorseoutofshadow_0179.png,1,1,1,1
Brownhorseoutofshadow_0172.png,1,1,1,1
Sample10_0331.png,1,1,1,1
ChestnutHorseLight_0235.png,1,1,1,0
Brownhorselight_0241.png,1,1,0,1
Chestnuthorseongrass_0295.png,1,0,1,0
Brownhorselight_0347.png,0,1,1,1
Sample2_0356.png,1,0,1,1
BrownHorseinShadow_0110.png,1,1,1,1
GreyHorseNoShadowBadLight_0064.png,1,1,1,1
Sample8_0268.png,1,0,1,0
Sample4_0422.png,0,1,1,1
Sample5_0189.png,1,1,1,0
Sample16_0199.png,1,1,0,1
Sample20_0160.png,0,1,1,1
Brownhorselight_0319.png,1,0,1,1
Sample12_0312.png,0,1,1,1
BrownHorseinShadow_0222.png,0,1,1,1
GreyHorseNoShadowBadLight_0074.png,1,1,1,1
Sample5_0409.png,1,1,1,1
Sample8_0267.png,1,0,0,1
Sample8_0342.png,1,1,1,1
Sample9_0199.png,1,1,1,0
Sample4_0375.png,0,1,0,1
Sample5_0155.png,1,1,1,1
Sample4_0393.png,1,0,1,1
Sample11_0291.png,1,1,0,1
Sample9_0214.png,1,0,0,1
BrownHorseinShadow_0193.png,1,0,1,1
Sample11_0119.png,1,1,1,1
Sample8_0066.png,1,1,1,0
GreyHorseLightandShadow_0378.png,1,1,1,1
Sample10_0241.png,0,1,0,1
Sample5_0288.png,1,1,0,1
Sample3_0321.png,0,1,1,1
ChestnutHorseLight_0190.png,0,1,0,1
Sample11_0141.png,1,1,1,1
GreyHorseLightandShadow_0069.png,1,1,1,1
Sample5_0373.png,1,0,1,1
Sample16_0325.png,1,1,0,1
Sample10_0325.png,1,1,1,1
BrownHorseintoshadow_0278.png,1,1,0,1
Sample3_0422.png,1,0,1,1
Sample13_0074.png,1,1,0,1
Sample4_0218.png,1,1,0,1
Sample10_0295.png,1,1,1,1
Brownhorseoutofshadow_0500.png,1,1,1,1
Sample17_0155.png,0,1,1,1
GreyHorseLightandShadow_0395.png,1,1,1,1
Sample3_0381.png,1,1,1,0
ChestnutHorseLight_0020.png,1,1,1,1
Sample20_0055.png,1,0,0,1
Sample18_0001.png,0,1,1,1
Sample8_0081.png,1,1,1,1
BrownHorseinShadow_0102.png,1,1,0,1
BrownHorseinShadow_0351.png,1,1,1,1
GreyHorseLightandShadow_0326.png,1,1,1,1
Sample16_0359.png,0,1,1,0
Sample5_0281.png,1,1,1,0
Brownhorselight_0140.png,1,1,1,0
Sample3_0145.png,1,1,1,1
Sample12_0132.png,1,1,0,1
Chestnuthorseongrass_0262.png,0,1,0,1
Sample6_0070.png,1,1,1,1
Sample10_0263.png,1,1,1,1
BrownHorseintoshadow_0242.png,1,1,1,0
Sample9_0063.png,1,1,1,1
BrownHorseintoshadow_0325.png,0,1,1,0
Sample11_0196.png,1,1,1,0
Sample19_0221.png,0,1,1,1
BrownHorseinShadow_0139.png,1,1,1,0
Sample9_0356.png,1,1,1,1
Sample20_0006.png,0,1,1,1
Sample8_0296.png,1,1,1,1
ChestnutHorseLight_0309.png,1,1,1,1
Sample6_0310.png,0,1,1,0
Sample4_0320.png,1,1,0,1
Sample4_0414.png,1,1,1,1
Sample6_0225.png,1,0,0,1
Brownhorselight_0176.png,1,1,0,1
Brownhorseoutofshadow_0238.png,1,1,1,0
Sample3_0335.png,1,1,0,1
GreyHorseLightandShadow_0143.png,1,1,1,0
Chestnuthorseongrass_0329.png,1,1,0,1
Sample9_0154.png,1,1,1,1
Sample14_0089.png,1,0,0,1
ChestnutHorseLight_0257.png,1,0,0,1
Sample9_0065.png,1,1,0,1
Chestnuthorseongrass_0306.png,0,1,1,0
Sample10_0212.png,1,1,1,0
Sample8_0169.png,1,1,1,0
Sample13_0081.png,0,1,1,1
Sample14_0024.png,1,1,1,0
GreyHorseNoShadowBadLight_0096.png,1,1,1,1
Sample8_0090.png,1,1,1,0
Sample6_0413.png,1,0,1,1
Sample20_0100.png,1,0,1,0
Brownhorselight_0279.png,1,1,1,0
Sample18_0014.png,1,0,1,1
Sample6_0065.png,1,1,1,1
Sample15_0124.png,0,1,1,1
Sample7_0400.png,0,1,1,1
Sample13_0014.png,1,1,1,0
Sample8_0241.png,1,1,0,1
Brownhorselight_0367.png,1,1,1,1
Brownhorseoutofshadow_0163.png,1,1,1,1
Sample13_0075.png,1,0,0,1
Brownhorselight_0369.png,1,1,1,1
Sample12_0104.png,1,1,1,1
Sample6_0173.png,1,1,1,0
BrownHorseinShadow_0182.png,1,0,0,1
Sample1_0023.png,1,0,1,1
Sample15_0029.png,0,1,0,1
Sample5_0331.png,0,1,1,1
Sample10_0250.png,0,1,0,1
Chestnuthorseongrass_0407.png,1,1,0,1
GreyHorseLightandShadow_0072.png,1,1,1,1
Sample16_0294.png,1,1,1,0
Sample8_0084.png,1,1,1,1
Sample9_0104.png,1,1,1,0
Sample13_0073.png,1,1,0,1
Sample11_0236.png,1,0,1,1
Sample8_0104.png,1,0,0,1
Sample8_0204.png,1,1,1,0
Sample18_0021.png,1,1,1,0
Sample8_0124.png,1,0,1,0
Sample14_0052.png,1,1,0,1
Brownhorseoutofshadow_0297.png,1,1,0,1
Sample5_0376.png,1,1,1,0
Sample18_0102.png,0,1,0,1
GreyHorseLightandShadow_0132.png,1,1,1,0
Chestnuthorseongrass_0231.png,1,1,1,0
Sample18_0146.png,1,0,1,1
Sample12_0150.png,1,1,0,1
Sample17_0278.png,1,1,0,1
GreyHorseNoShadowBadLight_0105.png,1,1,1,1
Sample6_0375.png,0,1,1,0
Sample16_0350.png,0,1,1,0
Sample9_0113.png,1,1,1,1
Sample11_0212.png,0,1,0,1
Sample4_0411.png,1,1,1,1
Brownhorseoutofshadow_0375.png,0,1,1,0
Sample12_0258.png,0,1,1,1
Sample9_0050.png,1,1,1,1
Sample9_0090.png,1,1,1,0
GreyHorseNoShadowBadLight_0076.png,1,1,1,1
Sample4_0311.png,1,1,0,1
Sample10_0184.png,1,1,0,1
Sample16_0277.png,1,0,0,1
GreyHorseLightandShadow_0119.png,1,1,0,1
Sample9_0347.png,1,0,1,1
Brownhorseoutofshadow_0259.png,1,1,1,0
Sample12_0303.png,1,1,1,0
ChestnutHorseLight_0093.png,1,1,1,0
Brownhorselight_0385.png,1,1,1,1
Sample12_0297.png,1,0,1,1
Sample13_0004.png,1,0,0,1
Sample6_0073.png,1,1,1,1
Sample6_0155.png,1,1,0,1
Sample3_0196.png,1,1,0,1
Sample1_0108.png,1,1,0,1
Brownhorselight_0332.png,1,1,1,0
Chestnuthorseongrass_0443.png,1,1,1,0
BrownHorseinShadow_0343.png,1,1,1,1
Sample6_0330.png,0,1,0,1
Sample8_0329.png,1,0,1,1
Sample5_0386.png,1,1,1,1
Sample17_0242.png,1,1,0,1
Sample11_0169.png,1,1,1,1
Sample11_0100.png,1,1,1,1
Sample8_0055.png,1,1,1,0
Sample12_0179.png,1,1,1,0
Sample6_0338.png,1,1,1,0
Sample7_0181.png,1,1,1,0
Sample8_0273.png,1,0,0,1
Sample8_0191.png,1,0,1,1
Sample7_0331.png,0,1,1,1
BrownHorseintoshadow_0216.png,1,1,0,1
Sample12_0232.png,1,0,1,0
ChestnutHorseLight_0175.png,0,1,1,0
Sample3_0292.png,1,0,1,1
ChestnutHorseLight_0206.png,1,1,0,1
Sample10_0175.png,1,1,1,1
Chestnuthorseongrass_0499.png,1,1,1,1
ChestnutHorseLight_0107.png,0,1,1,1
ChestnutHorseLight_0226.png,1,1,1,0
GreyHorseNoShadowBadLight_0124.png,1,1,0,1
Brownhorseoutofshadow_0444.png,0,1,1,1
Brownhorseoutofshadow_0419.png,1,1,1,1
GreyHorseLightandShadow_0279.png,1,1,0,1
Sample9_0373.png,0,1,1,1
GreyHorseNoShadowBadLight_0127.png,1,1,0,1
Chestnuthorseongrass_0126.png,1,1,1,1
GreyHorseNoShadowBadLight_0098.png,1,1,1,1
Sample14_0148.png,0,1,1,0
GreyHorseNoShadowBadLight_0186.png,1,1,1,0
GreyHorseNoShadowBadLight_0236.png,1,0,1,1
ChestnutHorseLight_0290.png,1,0,1,1
BrownHorseintoshadow_0398.png,0,1,1,1
BrownHorseinShadow_0149.png,0,1,1,1
Sample13_0021.png,0,1,1,0
Sample20_0065.png,1,1,1,0
Sample13_0183.png,0,1,1,1
GreyHorseNoShadowBadLight_0157.png,1,1,1,0
Sample17_0067.png,1,1,1,1
Sample19_0235.png,1,1,1,0
Sample7_0193.png,1,1,1,0
ChestnutHorseLight_0316.png,0,1,1,1
GreyHorseNoShadowBadLight_0101.png,1,1,1,1
Sample6_0206.png,0,1,0,1
Sample2_0389.png,0,1,1,1
Sample6_0254.png,0,1,1,0
Sample8_0208.png,1,1,1,0
Sample14_0027.png,1,0,0,1
Sample20_0029.png,1,0,1,0
BrownHorseinShadow_0286.png,1,1,1,1
Sample7_0202.png,1,1,1,1
BrownHorseintoshadow_0292.png,1,0,0,1
Brownhorselight_0118.png,1,1,1,1
Sample3_0442.png,1,1,1,1
Sample8_0016.png,1,1,1,1
Sample20_0047.png,0,1,0,1
Sample19_0206.png,1,0,0,1
GreyHorseLightandShadow_0210.png,1,1,0,1
BrownHorseinShadow_0308.png,0,1,0,1
Sample12_0074.png,1,1,1,1
ChestnutHorseLight_0286.png,1,0,1,1
BrownHorseintoshadow_0211.png,1,1,0,1
Sample4_0404.png,1,0,0,1
Sample12_0084.png,1,1,1,1
Brownhorseoutofshadow_0269.png,1,1,0,1
Sample12_0272.png,0,1,0,1
Sample15_0094.png,0,1,1,1
Sample6_0080.png,1,1,1,1
Sample2_0295.png,1,0,0,1
Sample15_0059.png,0,1,1,1
Sample19_0240.png,1,1,1,0
Chestnuthorseongrass_0316.png,0,1,1,1
Sample8_0224.png,0,1,1,1
GreyHorseNoShadowBadLight_0061.png,1,1,1,1
Brownhorseoutofshadow_0480.png,1,0,1,1
Sample16_0302.png,0,1,1,0
Sample2_0417.png,1,0,1,0
Sample3_0317.png,0,1,1,1
Sample20_0074.png,0,1,1,1
Sample8_0334.png,1,0,1,1
Sample7_0267.png,1,0,1,1
BrownHorseintoshadow_0303.png,1,1,1,1
Sample15_0051.png,1,1,1,0
Sample2_0310.png,1,1,1,0
Sample5_0197.png,1,1,1,1
Brownhorseoutofshadow_0415.png,1,1,1,1
Sample6_0286.png,1,0,1,0
Sample13_0166.png,0,1,1,1
Sample11_0278.png,0,1,1,1
Sample11_0216.png,0,1,0,1
GreyHorseLightandShadow_0224.png,0,1,1,0
Sample17_0236.png,1,1,0,1
GreyHorseNoShadowBadLight_0147.png,1,1,1,0
Sample10_0147.png,1,1,1,1
Sample10_0207.png,1,1,1,0
Sample6_0243.png,1,1,1,0
Brownhorselight_0172.png,1,1,0,1
Sample4_0259.png,1,1,1,0
Sample10_0196.png,1,1,0,1
Sample5_0166.png,1,1,1,1
Sample8_0312.png,1,1,0,1
BrownHorseinShadow_0233.png,0,1,0,1
Sample3_0404.png,1,1,0,1
Sample19_0200.png,1,1,0,1
GreyHorseLightandShadow_0247.png,1,1,0,1
Chestnuthorseongrass_0156.png,1,1,1,1
BrownHorseinShadow_0336.png,0,1,1,1
Sample4_0349.png,1,1,0,1
Sample16_0354.png,1,1,1,0
Sample3_0183.png,1,1,1,1
Chestnuthorseongrass_0344.png,1,1,1,0
Sample6_0193.png,0,1,1,0
Sample20_0061.png,0,1,1,1
Sample12_0301.png,1,0,1,1
Sample6_0177.png,1,1,1,0
Sample3_0316.png,1,1,1,1
Sample13_0174.png,1,1,0,1
Brownhorselight_0378.png,1,1,1,1
BrownHorseintoshadow_0336.png,1,1,1,1
Brownhorseoutofshadow_0250.png,0,1,1,1
GreyHorseNoShadowBadLight_0314.png,1,1,1,1
BrownHorseintoshadow_0312.png,1,1,0,1
Sample2_0293.png,0,1,1,1
Sample15_0069.png,1,1,0,1
Sample10_0189.png,1,1,0,1
Sample9_0249.png,0,1,1,1
Sample7_0153.png,1,1,1,1
Sample18_0082.png,1,1,1,1
Sample7_0263.png,0,1,1,0
Sample9_0084.png,1,1,1,1
Sample19_0214.png,1,0,1,1
Sample14_0075.png,0,1,1,0
Sample13_0213.png,1,0,0,1
Sample9_0097.png,1,1,1,0
Sample4_0427.png,0,1,1,1
Brownhorseoutofshadow_0255.png,1,1,1,0
Brownhorselight_0254.png,1,0,1,0
Sample18_0089.png,1,1,1,0
Brownhorselight_0124.png,1,1,1,1
Sample1_0039.png,0,1,1,0
Sample17_0136.png,1,1,1,0
Sample14_0127.png,0,1,1,1
Sample5_0221.png,1,1,0,1
Sample6_0120.png,1,1,1,0
Sample13_0045.png,1,1,1,1
Brownhorselight_0133.png,1,1,1,0
Sample17_0095.png,1,1,1,1
BrownHorseintoshadow_0273.png,0,1,1,0
GreyHorseLightandShadow_0353.png,1,1,1,1
Sample4_0372.png,0,1,0,1
Sample3_0233.png,1,1,1,0
Sample2_0216.png,1,1,1,1
Sample11_0203.png,0,1,1,1
Sample5_0324.png,0,1,1,0
Sample1_0076.png,0,1,0,1
Sample11_0150.png,1,1,0,1
Sample20_0148.png,0,1,0,1
Sample16_0311.png,0,1,1,1
Sample6_0211.png,1,1,0,1
Sample11_0189.png,1,1,1,0
BrownHorseintoshadow_0179.png,1,1,1,1
Sample17_0122.png,1,1,1,0
Sample4_0258.png,1,1,0,1
Sample6_0292.png,1,1,1,1
Sample3_0181.png,1,1,1,1
Sample7_0265.png,0,1,1,0
GreyHorseLightandShadow_0302.png,0,1,1,0
ChestnutHorseLight_0238.png,1,1,1,0
Brownhorseoutofshadow_0394.png,1,1,0,1
Sample17_0241.png,1,1,0,1
Brownhorselight_0175.png,1,1,0,1
Sample1_0087.png,1,0,1,1
Sample15_0028.png,0,1,0,1
Sample11_0173.png,1,1,1,1
Sample2_0331.png,0,1,0,1
Sample4_0398.png,1,1,1,1
Sample20_0129.png,1,0,1,0
Sample6_0222.png,1,1,0,1
Sample14_0076.png,0,1,1,1
GreyHorseLightandShadow_0269.png,1,1,1,1
Chestnuthorseongrass_0210.png,1,1,1,1
Chestnuthorseongrass_0427.png,1,0,1,1
Sample4_0370.png,0,1,0,1
Sample3_0389.png,0,1,1,1
ChestnutHorseLight_0312.png,0,1,1,1
ChestnutHorseLight_0061.png,1,1,0,1
Sample10_0176.png,1,1,1,1
GreyHorseLightandShadow_0175.png,1,1,0,1
Chestnuthorseongrass_0187.png,1,1,1,1
Sample8_0141.png,1,1,1,0
Sample17_0044.png,1,1,1,1
Chestnuthorseongrass_0185.png,1,1,1,1
Sample8_0233.png,0,1,0,1
Sample6_0337.png,0,1,1,0
Sample11_0300.png,1,1,0,1
Sample15_0033.png,1,1,0,1
Sample13_0185.png,0,1,1,1
Brownhorselight_0142.png,1,1,1,0
Chestnuthorseongrass_0483.png,1,1,1,1
Sample18_0077.png,1,1,0,1
GreyHorseNoShadowBadLight_0163.png,0,1,1,1
Sample17_0233.png,1,1,1,1
Sample2_0180.png,1,1,1,1
Sample10_0302.png,0,1,0,1
GreyHorseNoShadowBadLight_0195.png,1,0,1,1
Sample11_0345.png,1,1,1,1
GreyHorseLightandShadow_0347.png,1,0,0,1
Sample17_0123.png,1,1,1,1
Sample2_0222.png,1,1,1,1
Sample16_0164.png,1,1,1,1
Sample2_0219.png,1,1,1,1
Sample8_0387.png,1,1,1,1
Sample10_0293.png,0,1,1,1
BrownHorseinShadow_0287.png,1,1,1,1
Sample11_0296.png,1,1,0,1
Sample1_0035.png,0,1,1,0
GreyHorseLightandShadow_0172.png,0,1,1,0
Chestnuthorseongrass_0145.png,1,1,1,1
Sample1_0012.png,1,1,1,0
BrownHorseintoshadow_0339.png,0,1,1,1
Sample4_0196.png,1,1,1,1
Sample3_0256.png,1,1,1,1
GreyHorseNoShadowBadLight_0204.png,0,1,1,1
Sample7_0284.png,1,1,0,1
Sample11_0178.png,1,1,1,0
ChestnutHorseLight_0133.png,1,1,1,1
Sample10_0160.png,1,1,1,0
ChestnutHorseLight_0193.png,1,1,0,1
Sample2_0499.png,0,1,1,1
Sample7_0261.png,1,1,1,0
Sample2_0455.png,1,1,1,1
Sample17_0170.png,1,1,0,1
BrownHorseinShadow_0178.png,1,1,1,0
Brownhorselight_0167.png,1,1,0,1
Sample3_0170.png,1,1,1,0
Sample9_0307.png,0,1,1,1
GreyHorseLightandShadow_0352.png,1,1,1,1
Sample1_0104.png,1,1,1,1
GreyHorseNoShadowBadLight_0099.png,1,1,1,1
Brownhorseoutofshadow_0309.png,0,1,1,1
Sample10_0229.png,0,1,1,1
Sample4_0395.png,1,0,1,1
GreyHorseLightandShadow_0241.png,0,1,0,1
Brownhorseoutofshadow_0401.png,1,1,0,1
Sample3_0137.png,1,1,1,1
Brownhorselight_0316.png,1,0,1,0
Brownhorselight_0091.png,1,1,1,1
Brownhorseoutofshadow_0180.png,1,1,1,1
Sample12_0215.png,1,0,0,1
Sample4_0339.png,1,0,1,1
Sample2_0457.png,0,1,1,1
Sample10_0122.png,1,1,1,1
Sample6_0081.png,1,1,1,1
GreyHorseNoShadowBadLight_0201.png,1,1,1,1
Sample9_0368.png,0,1,1,1
Sample6_0429.png,0,1,1,1
Chestnuthorseongrass_0432.png,1,0,1,1
Brownhorseoutofshadow_0351.png,1,0,1,1
Sample15_0064.png,1,1,1,0
GreyHorseLightandShadow_0075.png,1,1,1,1
Sample13_0144.png,1,1,0,1
BrownHorseinShadow_0304.png,0,1,1,1
Sample13_0036.png,1,1,0,1
Sample12_0222.png,1,0,1,1
Brownhorselight_0299.png,0,1,0,1
Sample4_0390.png,1,0,1,1
Sample17_0088.png,1,1,1,1
Sample2_0414.png,1,1,0,1
Sample3_0191.png,0,1,1,1
Sample2_0193.png,1,1,1,1
Sample9_0299.png,1,1,1,0
Brownhorseoutofshadow_0469.png,1,1,1,1
Sample14_0112.png,0,1,0,1
Brownhorselight_0377.png,1,1,1,1
Sample12_0103.png,1,1,1,1
Sample6_0278.png,1,1,0,1
Sample8_0345.png,1,1,1,0
GreyHorseLightandShadow_0083.png,1,1,1,1
Sample8_0157.png,0,1,0,1
ChestnutHorseLight_0156.png,1,1,1,0
GreyHorseNoShadowBadLight_0146.png,1,1,1,0
Sample3_0283.png,1,0,1,1
Sample3_0434.png,1,0,1,1
Sample19_0217.png,1,1,1,1
Sample17_0210.png,1,1,0,1
BrownHorseinShadow_0310.png,0,1,1,1
Sample2_0479.png,1,1,1,1
Sample8_0080.png,1,1,1,1
Sample7_0343.png,1,1,0,1
Sample5_0196.png,1,1,1,1
ChestnutHorseLight_0073.png,1,1,0,1
Sample9_0259.png,1,1,0,1
Brownhorselight_0187.png,1,1,1,1
Sample20_0037.png,0,1,1,0
Sample3_0408.png,1,1,1,1
BrownHorseinShadow_0269.png,1,0,1,0
Sample18_0074.png,1,1,0,1
GreyHorseNoShadowBadLight_0327.png,0,1,1,1
Sample8_0238.png,1,1,0,1
Sample6_0194.png,0,1,1,0
Sample19_0120.png,1,1,0,1
BrownHorseinShadow_0280.png,1,1,1,0
Sample16_0250.png,0,1,1,1
BrownHorseinShadow_0196.png,1,1,1,1
GreyHorseNoShadowBadLight_0333.png,1,1,1,1
Sample9_0281.png,0,1,1,1
Sample11_0183.png,1,1,1,0
Sample14_0103.png,0,1,1,0
Sample17_0186.png,0,1,1,1
Sample20_0108.png,0,1,1,0
Sample13_0233.png,0,1,1,1
Sample16_0196.png,1,1,0,1
Sample3_0386.png,0,1,1,1
GreyHorseLightandShadow_0255.png,1,0,1,1
Sample4_0353.png,1,1,1,0
Sample4_0367.png,0,1,1,1
Sample8_0364.png,0,1,1,1
GreyHorseNoShadowBadLight_0131.png,1,1,1,1
Chestnuthorseongrass_0486.png,1,1,1,1
Brownhorseoutofshadow_0328.png,1,1,0,1
GreyHorseLightandShadow_0308.png,0,1,1,1
Sample5_0304.png,1,0,1,1
Sample12_0331.png,0,1,1,1
Sample12_0249.png,0,1,1,0
Sample13_0091.png,0,1,1,0
GreyHorseLightandShadow_0111.png,1,1,0,1
Sample9_0193.png,0,1,0,0
Sample14_0054.png,1,1,0,1
Sample12_0198.png,0,1,0,1
Brownhorselight_0352.png,0,1,1,1
Chestnuthorseongrass_0203.png,1,1,1,0
Sample17_0181.png,1,0,1,0
Sample3_0446.png,1,1,1,1
ChestnutHorseLight_0157.png,1,1,1,0
Sample3_0121.png,1,1,1,1
BrownHorseinShadow_0325.png,1,1,1,1
Sample8_0125.png,1,0,1,0
Sample4_0447.png,1,1,1,1
GreyHorseNoShadowBadLight_0244.png,1,1,1,0
Brownhorseoutofshadow_0289.png,0,1,1,1
BrownHorseintoshadow_0187.png,1,1,1,0
Sample6_0308.png,1,1,1,0
Chestnuthorseongrass_0399.png,0,1,1,1
Sample9_0229.png,1,1,1,0
Sample4_0418.png,1,1,1,1
Sample11_0143.png,1,1,1,1
Sample1_0101.png,0,1,1,0
Sample14_0106.png,0,1,1,1
Sample16_0317.png,0,1,1,1
Brownhorseoutofshadow_0323.png,0,1,0,1
Sample9_0253.png,0,1,0,1
Sample4_0165.png,1,1,1,1
Chestnuthorseongrass_0394.png,0,1,1,1
GreyHorseNoShadowBadLight_0267.png,1,1,1,1
Sample3_0123.png,1,1,1,1
Brownhorseoutofshadow_0247.png,1,1,1,1
Sample8_0246.png,1,1,0,1
Sample16_0308.png,1,1,1,0
Sample20_0042.png,0,1,1,1
Sample2_0251.png,1,1,1,1
Sample20_0036.png,1,1,1,0
BrownHorseintoshadow_0226.png,1,1,0,1
Sample10_0124.png,1,1,1,1
Sample6_0118.png,1,1,1,0
Sample8_0284.png,1,1,1,0
Sample6_0280.png,1,1,0,1
BrownHorseinShadow_0285.png,1,1,1,1
Sample7_0240.png,1,0,1,1
Sample17_0057.png,1,1,1,1
Chestnuthorseongrass_0434.png,0,1,1,1
Chestnuthorseongrass_0178.png,1,1,1,1
BrownHorseintoshadow_0205.png,1,1,1,1
Sample13_0226.png,1,1,1,0
Sample10_0326.png,1,1,1,1
Sample12_0209.png,1,1,0,1
GreyHorseNoShadowBadLight_0117.png,1,1,0,1
GreyHorseLightandShadow_0082.png,1,1,1,1
Sample2_0449.png,1,1,1,1
Sample1_0109.png,1,1,0,1
Brownhorseoutofshadow_0184.png,1,1,1,1
Sample8_0040.png,1,1,1,1
Sample12_0156.png,1,1,1,1
Sample17_0180.png,1,0,1,0
Sample20_0122.png,1,0,0,1
Sample10_0350.png,1,1,1,1
BrownHorseinShadow_0323.png,1,1,1,1
Sample7_0255.png,1,1,1,0
BrownHorseinShadow_0130.png,1,1,1,0
Sample10_0282.png,1,1,1,0
ChestnutHorseLight_0134.png,1,1,0,1
Sample6_0357.png,1,0,1,1
Sample18_0035.png,0,1,1,1
Sample3_0280.png,1,1,0,1
GreyHorseLightandShadow_0190.png,1,0,0,1
Sample8_0373.png,0,1,1,1
Sample8_0082.png,1,1,1,1
Sample14_0143.png,0,1,0,1
Sample10_0300.png,0,1,0,1
GreyHorseLightandShadow_0377.png,1,1,1,1
Sample2_0203.png,1,1,0,1
Sample10_0249.png,1,1,0,1
GreyHorseNoShadowBadLight_0118.png,1,1,0,1
Sample10_0200.png,1,0,1,1
Chestnuthorseongrass_0322.png,1,1,1,1
Brownhorselight_0107.png,1,1,1,1
Brownhorselight_0212.png,1,1,1,1
Chestnuthorseongrass_0170.png,1,1,1,0
Sample14_0082.png,0,1,0,1
Brownhorseoutofshadow_0455.png,1,1,1,1
Sample11_0164.png,1,1,1,1
GreyHorseNoShadowBadLight_0066.png,1,1,1,1
Sample8_0063.png,1,1,1,0
Sample3_0169.png,1,1,1,0
Brownhorselight_0262.png,1,0,0,1
Chestnuthorseongrass_0495.png,1,0,1,1
Sample3_0296.png,1,1,1,0
Sample19_0137.png,1,0,1,1
Sample6_0235.png,0,1,1,1
Sample12_0188.png,0,1,1,1
Sample12_0153.png,1,1,1,1
GreyHorseNoShadowBadLight_0294.png,0,1,1,1
BrownHorseintoshadow_0419.png,1,1,1,1
GreyHorseLightandShadow_0073.png,1,1,1,1
Sample9_0270.png,1,0,1,0
BrownHorseintoshadow_0232.png,1,0,1,1
Sample3_0263.png,1,1,0,1
Sample16_0289.png,1,1,1,1
Brownhorseoutofshadow_0371.png,1,1,1,0
Sample9_0080.png,1,1,1,1
BrownHorseinShadow_0313.png,1,1,1,1
Sample7_0338.png,0,1,1,1
Sample13_0123.png,1,1,1,0
Sample14_0097.png,1,1,1,0
Sample11_0309.png,1,0,1,1
Sample6_0271.png,1,1,1,0
Sample4_0373.png,0,1,0,1
BrownHorseintoshadow_0171.png,1,1,1,1
BrownHorseinShadow_0267.png,0,1,1,1
Sample9_0251.png,0,1,1,1
Sample15_0030.png,1,1,0,1
Brownhorseoutofshadow_0441.png,1,1,1,1
Sample6_0231.png,1,0,1,1
Brownhorseoutofshadow_0495.png,1,1,1,1
Sample5_0390.png,0,1,1,1
ChestnutHorseLight_0165.png,1,1,1,0
Sample16_0198.png,1,1,0,1
BrownHorseintoshadow_0367.png,0,1,1,1
Sample4_0272.png,1,0,1,1
Sample20_0104.png,1,1,1,0
Sample4_0194.png,1,1,1,1
BrownHorseinShadow_0218.png,1,1,1,0
Chestnuthorseongrass_0285.png,1,0,1,1
Sample2_0188.png,1,1,1,1
Brownhorselight_0105.png,1,1,1,1
Sample20_0066.png,1,1,1,0
Sample7_0290.png,1,1,1,0
Sample3_0130.png,1,1,1,1
GreyHorseLightandShadow_0294.png,0,1,1,0
BrownHorseintoshadow_0335.png,1,1,1,1
BrownHorseinShadow_0257.png,1,0,1,1
Sample17_0109.png,1,1,1,0
Sample2_0245.png,1,1,1,0
Sample13_0039.png,1,1,0,1
Sample8_0148.png,0,1,1,1
Sample5_0250.png,1,1,1,0
Sample12_0229.png,1,0,1,1
Brownhorseoutofshadow_0372.png,1,1,1,0
Chestnuthorseongrass_0374.png,1,1,1,0
Sample8_0143.png,0,1,1,1
Sample6_0305.png,1,1,1,0
Sample16_0172.png,1,1,1,1
Sample1_0041.png,0,1,1,1
BrownHorseinShadow_0067.png,1,1,1,1
Sample10_0292.png,0,1,1,1
Sample16_0182.png,1,1,1,1
Sample12_0146.png,1,1,0,1
GreyHorseLightandShadow_0212.png,1,1,1,0
Sample6_0284.png,1,0,1,0
Sample2_0224.png,1,1,1,0
Sample9_0393.png,1,1,1,1
ChestnutHorseLight_0203.png,1,1,0,1
ChestnutHorseLight_0293.png,1,1,1,1
Sample13_0055.png,1,1,1,0
Brownhorselight_0219.png,0,1,1,1
Sample17_0160.png,0,1,1,1
Sample11_0097.png,1,1,1,1
Brownhorselight_0211.png,1,1,1,0
Brownhorselight_0174.png,1,1,0,1
GreyHorseNoShadowBadLight_0219.png,1,1,0,1
ChestnutHorseLight_0250.png,0,1,1,1
Sample17_0189.png,1,0,1,1
GreyHorseNoShadowBadLight_0084.png,1,1,1,1
Sample20_0027.png,1,0,1,1
Sample1_0133.png,0,1,1,1
Sample7_0199.png,1,1,1,1
Sample20_0005.png,0,1,1,1
GreyHorseLightandShadow_0333.png,1,0,1,1
GreyHorseNoShadowBadLight_0217.png,1,1,1,0
Sample6_0187.png,1,0,1,0
Sample3_0285.png,1,0,1,1
BrownHorseinShadow_0298.png,0,1,1,1
Sample9_0322.png,1,1,0,1
Brownhorseoutofshadow_0307.png,0,1,1,1
Sample17_0247.png,1,1,1,0
Sample12_0202.png,1,1,0,1
BrownHorseintoshadow_0388.png,1,1,1,1
GreyHorseNoShadowBadLight_0270.png,1,1,1,1
Brownhorselight_0135.png,1,1,1,1
Sample3_0449.png,1,1,1,1
Sample4_0345.png,1,1,1,0
Brownhorseoutofshadow_0384.png,1,1,1,1
Sample18_0158.png,1,1,1,0
Brownhorselight_0333.png,1,1,1,0
Sample3_0433.png,1,1,1,1
Sample2_0255.png,1,1,1,1
Sample5_0268.png,0,1,1,1
Sample6_0114.png,1,1,1,1
Sample10_0159.png,1,1,1,0
Sample4_0179.png,1,1,1,1
Sample8_0053.png,1,1,1,0
Sample2_0496.png,0,1,1,1
BrownHorseintoshadow_0196.png,1,1,1,0
BrownHorseinShadow_0129.png,1,0,1,0
Chestnuthorseongrass_0343.png,1,1,1,0
Sample10_0248.png,0,1,0,1
Sample10_0242.png,1,1,0,1
Sample3_0309.png,1,1,1,0
BrownHorseinShadow_0092.png,1,1,1,0
Sample7_0356.png,1,1,1,1
Sample6_0102.png,1,1,1,1
Sample13_0216.png,1,1,1,1
Sample14_0122.png,1,0,1,1
BrownHorseinShadow_0281.png,1,1,1,0
Sample8_0251.png,1,0,0,1
Sample8_0142.png,0,1,1,1
Sample2_0454.png,0,0,1,1
GreyHorseNoShadowBadLight_0139.png,1,1,1,1
ChestnutHorseLight_0155.png,1,1,1,1
Sample17_0215.png,1,1,1,0
Sample19_0163.png,1,1,1,0
Sample6_0379.png,0,1,1,1
GreyHorseLightandShadow_0074.png,1,1,1,1
BrownHorseinShadow_0162.png,0,1,1,0
Sample1_0152.png,1,0,1,1
Sample5_0334.png,1,1,1,1
Chestnuthorseongrass_0167.png,1,1,1,1
Sample9_0274.png,1,0,1,1
Sample3_0306.png,1,1,1,1
Sample11_0224.png,1,1,0,1
Sample3_0360.png,1,1,1,1
Sample15_0101.png,1,1,0,1
ChestnutHorseLight_0167.png,1,1,1,0
Sample20_0149.png,1,1,0,1
Sample14_0139.png,0,1,1,1
Sample16_0178.png,1,1,1,0
Chestnuthorseongrass_0500.png,1,1,1,1
Sample13_0089.png,1,1,1,0
Sample9_0353.png,1,1,1,1
Brownhorseoutofshadow_0189.png,1,1,1,1
Brownhorseoutofshadow_0393.png,0,1,0,1
GreyHorseNoShadowBadLight_0079.png,1,1,1,1
BrownHorseintoshadow_0248.png,1,1,1,0
Sample11_0270.png,0,1,1,1
GreyHorseNoShadowBadLight_0209.png,1,1,0,1
Brownhorseoutofshadow_0298.png,1,1,1,0
Sample6_0069.png,1,1,1,1
Sample10_0335.png,1,1,1,1
BrownHorseintoshadow_0230.png,1,0,1,1
BrownHorseintoshadow_0178.png,1,1,1,1
Sample8_0325.png,1,0,1,1
BrownHorseinShadow_0248.png,1,1,0,1
Sample7_0236.png,1,0,1,1
Brownhorseoutofshadow_0327.png,1,1,0,1
Sample13_0049.png,1,1,1,0
Sample19_0181.png,0,1,1,1
Sample5_0256.png,0,1,1,1
Sample17_0051.png,1,1,1,1
GreyHorseLightandShadow_0120.png,1,1,0,1
Sample7_0321.png,1,1,1,0
Chestnuthorseongrass_0418.png,1,1,0,1
ChestnutHorseLight_0253.png,0,1,1,1
Chestnuthorseongrass_0175.png,1,1,1,0
Sample2_0308.png,1,1,1,0
Sample17_0245.png,1,1,1,0
Sample3_0286.png,1,0,1,1
Sample7_0372.png,1,0,1,1
Brownhorselight_0157.png,1,1,1,1
Sample3_0310.png,1,1,1,0
Brownhorselight_0163.png,1,1,0,1
Sample17_0078.png,1,1,1,1
BrownHorseintoshadow_0229.png,1,1,1,1
Sample15_0119.png,1,1,1,0
Sample9_0139.png,1,1,0,1
Sample7_0233.png,1,0,0,1
Sample20_0107.png,0,1,1,0
Sample2_0313.png,0,1,1,0
ChestnutHorseLight_0098.png,1,1,1,0
BrownHorseintoshadow_0288.png,1,1,0,1
Chestnuthorseongrass_0461.png,1,1,1,1
Sample11_0152.png,1,1,0,1
Sample6_0276.png,1,1,0,1
Sample10_0346.png,0,1,1,1
Sample9_0240.png,0,1,1,0
BrownHorseintoshadow_0225.png,1,1,0,1
ChestnutHorseLight_0278.png,1,0,1,1
Sample12_0128.png,1,1,0,1
GreyHorseLightandShadow_0114.png,1,1,0,1
GreyHorseLightandShadow_0304.png,0,1,1,1
Sample10_0274.png,1,1,1,1
Sample2_0419.png,1,0,0,1
ChestnutHorseLight_0122.png,1,1,0,1
Sample5_0192.png,1,1,1,0
Sample9_0057.png,1,1,1,1
Sample10_0198.png,1,1,1,1
Sample9_0310.png,0,1,1,1
Sample6_0281.png,1,1,0,1
Brownhorselight_0151.png,1,1,1,1
Sample12_0089.png,1,1,1,1
Sample13_0063.png,0,1,1,1
GreyHorseNoShadowBadLight_0057.png,1,1,1,1
Sample5_0224.png,1,1,0,1
Sample7_0151.png,1,1,1,1
Sample3_0184.png,1,1,1,1
Brownhorseoutofshadow_0354.png,1,0,1,1
ChestnutHorseLight_0003.png,1,1,1,1
Sample10_0130.png,1,1,1,1
Sample9_0221.png,1,1,1,0
Sample12_0251.png,1,1,1,1
BrownHorseintoshadow_0311.png,1,1,1,0
Sample8_0047.png,1,1,1,1
Sample17_0198.png,0,1,1,1
Chestnuthorseongrass_0442.png,1,1,1,0
Sample8_0338.png,1,0,1,1
BrownHorseintoshadow_0212.png,1,1,0,1
Sample19_0199.png,1,1,0,1
GreyHorseLightandShadow_0156.png,0,1,1,1
Sample8_0131.png,1,1,1,0
Sample17_0178.png,1,1,0,1
ChestnutHorseLight_0114.png,0,1,1,1
BrownHorseinShadow_0322.png,1,1,1,1
Sample18_0006.png,1,1,0,1
Sample13_0026.png,1,1,1,1
GreyHorseNoShadowBadLight_0108.png,1,1,1,1
BrownHorseinShadow_0055.png,1,1,1,1
Sample16_0157.png,1,1,1,1
GreyHorseNoShadowBadLight_0193.png,1,0,0,1
Sample3_0253.png,0,1,1,1
Sample11_0151.png,1,1,0,1
GreyHorseNoShadowBadLight_0194.png,1,0,0,1
Sample13_0051.png,1,1,1,0
Sample8_0012.png,1,1,1,1
Chestnuthorseongrass_0129.png,1,1,1,1
Sample10_0120.png,1,1,1,1
Brownhorseoutofshadow_0173.png,1,1,1,1
Sample15_0149.png,1,0,1,1
BrownHorseinShadow_0105.png,1,1,0,1
Sample6_0063.png,1,1,1,1
Chestnuthorseongrass_0440.png,1,0,0,1
GreyHorseNoShadowBadLight_0237.png,1,1,1,1
Sample9_0279.png,1,1,1,1
Sample12_0101.png,1,1,1,1
BrownHorseinShadow_0070.png,1,1,1,1
Sample17_0094.png,1,1,1,1
Sample15_0090.png,1,1,1,1
Sample20_0157.png,1,0,0,1
Chestnuthorseongrass_0497.png,1,0,1,1
GreyHorseLightandShadow_0100.png,1,1,1,1
Sample18_0095.png,0,1,1,1
